"","Drug","Region","Country","expcoef","explower","expupper","p-value"
"1","Gabapentin","Northern Africa","ALGERIA",128.28290732734,-0.623810404779035,424.402132845804,0.050929982890897
"2","Gabapentinoids","Northern Africa","ALGERIA",36.7355381883697,27.4344423812184,46.7154958604714,0.0000034411003423428
"3","Pregabalin","Northern Africa","ALGERIA",36.0855455059065,26.7710251349127,46.0844516791711,0.00000412430646696085
"4","Gabapentin","Central and South America and the Caribbean","ARGENTINA",0.742093368053576,-0.909265990073194,2.4209728344621,0.337991647122706
"5","Gabapentinoids","Central and South America and the Caribbean","ARGENTINA",20.5318546532909,14.5718893665367,26.8018539843094,0.0000159981051311538
"6","Pregabalin","Central and South America and the Caribbean","ARGENTINA",27.0800529058552,18.2545760676724,36.5641853666053,0.0000357180118551719
"7","Gabapentin","Australia and New Zealand","AUSTRALIA",-2.54591244373218,-4.81528898616893,-0.222429839129468,0.0352249188584731
"8","Gabapentinoids","Australia and New Zealand","AUSTRALIA",26.6665010436737,21.2979931797152,32.2726128112901,0.000000603482952574488
"9","Pregabalin","Australia and New Zealand","AUSTRALIA",38.8182850947428,30.1780584927961,48.031984036017,0.00000106869668146263
"10","Gabapentin","Western Europe","AUSTRIA",3.65934024135794,2.01183369055689,5.33345427225944,0.000667664555142424
"11","Gabapentinoids","Western Europe","AUSTRIA",10.4099443611636,8.92733602881477,11.9127324532245,0.000000047370449507312
"12","Pregabalin","Western Europe","AUSTRIA",17.3857281726567,14.745497969973,20.0867086064735,0.0000000664716537320731
"13","Gabapentin","Eastern Europe","BELARUS",34.3607508074701,30.1858731084625,38.6695109576647,0.00000000550242823305095
"14","Gabapentinoids","Eastern Europe","BELARUS",35.7350425017199,30.0850532038172,41.6304280098728,0.0000000559896873361366
"15","Pregabalin","Eastern Europe","BELARUS",40.8057435177423,28.0137886712345,54.8759521406097,0.0000194944963585424
"16","Gabapentin","Western Europe","BELGIUM",12.2796245500768,7.5907611801431,17.1728311132434,0.000170334558193863
"17","Gabapentinoids","Western Europe","BELGIUM",14.6223435872385,12.0723064350179,17.2304030081582,0.000000243869740369737
"18","Pregabalin","Western Europe","BELGIUM",15.116505635099,11.0146286052395,19.3699428276098,0.0000104781933299618
"19","Gabapentin","Southern Europe","BOSNIA AND HERZEGOVINA",31.1741628683626,21.8235664571593,41.2424664998348,0.000106696076459927
"20","Gabapentinoids","Southern Europe","BOSNIA AND HERZEGOVINA",35.5607716967709,27.4244418935523,44.2166239847107,0.0000200380200810829
"21","Pregabalin","Southern Europe","BOSNIA AND HERZEGOVINA",60.0058632915271,46.750911052457,74.4580398449133,0.0000111699185117462
"22","Gabapentin","Central and South America and the Caribbean","BRAZIL",9.09481235155949,6.95559464090747,11.2768165328859,0.00000375139216776755
"23","Gabapentinoids","Central and South America and the Caribbean","BRAZIL",26.8187939479925,22.900219088174,30.8623094226115,0.0000000355374757965268
"24","Pregabalin","Central and South America and the Caribbean","BRAZIL",39.2341496800048,27.4948155790472,52.0544058914656,0.0000244627297671818
"25","Gabapentin","Eastern Europe","BULGARIA",19.8590389264869,12.7327476503208,27.4358117921756,0.0000900391328312726
"26","Gabapentinoids","Eastern Europe","BULGARIA",24.4777898062592,18.3735390166177,30.8968227508688,0.00000405483754550756
"27","Pregabalin","Eastern Europe","BULGARIA",30.4560201994361,11.0305098105592,53.2801500714821,0.00469573598053609
"28","Gabapentin","Northern America","CANADA",7.51640947976695,6.87423604864539,8.1624415276224,0.000000000563169658663153
"29","Gabapentinoids","Northern America","CANADA",10.589019997261,9.69645737859612,11.4888450931952,0.000000000445494364904014
"30","Pregabalin","Northern America","CANADA",13.8591662646862,12.1935774216276,15.5494818903102,0.00000000938981215326893
"31","Gabapentin","Central and South America and the Caribbean","CHILE",-6.13232942101684,-9.1723853569282,-2.99052094949405,0.00185476177343864
"32","Gabapentinoids","Central and South America and the Caribbean","CHILE",17.9475988395736,16.0726947854048,19.8527879251949,0.00000000234867998822441
"33","Pregabalin","Central and South America and the Caribbean","CHILE",20.0360000878234,17.7786158638184,22.3366500905728,0.00000000430954942753827
"34","Gabapentin","Eastern Asia","CHINA",41.585940451272,33.1726382581766,50.5307606402422,0.000000431602028787921
"35","Gabapentinoids","Eastern Asia","CHINA",45.2289820620152,36.0707461451455,55.0036126668333,0.000000398981397489412
"36","Pregabalin","Eastern Asia","CHINA",74.0627649123691,31.1179696638926,131.07317941701,0.00240951042018701
"37","Gabapentin","Central and South America and the Caribbean","COLOMBIA",-8.84292614020795,-11.0036144614277,-6.62977980068552,0.0000109353537793239
"38","Gabapentinoids","Central and South America and the Caribbean","COLOMBIA",10.4834959794881,7.44732979874312,13.6054558704572,0.0000201704016998609
"39","Pregabalin","Central and South America and the Caribbean","COLOMBIA",15.4438261601724,12.4490574025582,18.5183522774191,0.000000598206595989281
"40","Gabapentin","Southern Europe","CROATIA",-9.11495215940934,-9.90385837259078,-8.31913806979775,0.00000000135234747958561
"41","Gabapentinoids","Southern Europe","CROATIA",15.5316147172318,12.9156348600623,18.2082004472867,0.000000174933476397957
"42","Pregabalin","Southern Europe","CROATIA",41.4768435968434,29.1591406841785,54.9692663492421,0.0000121733281939595
"43","Gabapentin","Eastern Europe","CZECH REPUBLIC",11.2896951523566,9.22143169235456,13.3971241284456,0.000000415211694099832
"44","Gabapentinoids","Eastern Europe","CZECH REPUBLIC",17.8365828475383,16.4220639440737,19.2682880442233,0.000000000199620459946575
"45","Pregabalin","Eastern Europe","CZECH REPUBLIC",24.4000255645907,22.0896114986579,26.7541617219491,0.000000000789985646069113
"46","Gabapentin","Central and South America and the Caribbean","ECUADOR",-4.64225088453059,-7.10906154754977,-2.10993162671665,0.00266577502362992
"47","Gabapentinoids","Central and South America and the Caribbean","ECUADOR",10.2739397338211,8.3063244965863,12.2773008957726,0.000000629003204118844
"48","Pregabalin","Central and South America and the Caribbean","ECUADOR",13.9973245413825,10.6532038017449,17.4425100774928,0.00000371990692241387
"49","Gabapentin","Northern Africa","EGYPT",7.37914825956161,5.61499893490074,9.1727652059721,0.00000452118094328243
"50","Gabapentinoids","Northern Africa","EGYPT",39.1410458920596,35.1356713640842,43.2651383347604,0.00000000102599093458738
"51","Pregabalin","Northern Africa","EGYPT",53.8000220065195,46.3729490043887,61.6039502524243,0.0000000104906941784899
"52","Gabapentin","Northern Europe","ESTONIA",31.06261658184,24.741193884536,37.7043856192229,0.000000590718508486287
"53","Gabapentinoids","Northern Europe","ESTONIA",29.9700087113453,27.7495942332108,32.2290161923327,0.000000000072938460512122
"54","Pregabalin","Northern Europe","ESTONIA",29.2960262022187,25.8581394520305,32.8278207867241,0.00000000466252455573924
"55","Gabapentin","Northern Europe","FINLAND",13.4553073637628,11.0835119081636,15.877744121447,0.00000027762678675446
"56","Gabapentinoids","Northern Europe","FINLAND",5.73335579300869,4.60727389840696,6.87155979333109,0.000000902301895017366
"57","Pregabalin","Northern Europe","FINLAND",3.08647731040783,1.0668706281225,5.14644154137138,0.00698823158830449
"58","Gabapentin","Western Europe","FRANCE",0.336034748991643,-0.668270581134778,1.35049422827083,0.469901747652787
"59","Gabapentinoids","Western Europe","FRANCE",5.39484870852107,4.72285072007206,6.07115885323184,0.0000000173460140434968
"60","Pregabalin","Western Europe","FRANCE",7.52042734180152,6.05531050388743,9.00578425386691,0.000000794745102544976
"61","Gabapentin","Western Europe","GERMANY",3.02958511597515,1.91788705245493,4.15340933929103,0.000154463697132154
"62","Gabapentinoids","Western Europe","GERMANY",6.93007508294048,5.82857302724846,8.04304197033141,0.000000139404452424473
"63","Pregabalin","Western Europe","GERMANY",9.22386141824081,7.90421922520252,10.5596425123355,0.0000000513183488451543
"64","Gabapentin","Southern Europe","GREECE",2.69095220172755,1.65569923125684,3.7367481001499,0.000221160217695585
"65","Gabapentinoids","Southern Europe","GREECE",6.43928180633102,5.24098478800603,7.65122289827447,0.000000555222760763627
"66","Pregabalin","Southern Europe","GREECE",7.94621466175023,6.01506250211175,9.91254435725637,0.00000509992811986662
"67","Gabapentin","Eastern Europe","HUNGARY",13.2546955424943,10.844060826912,15.7177567001306,0.000000366640708958257
"68","Gabapentinoids","Eastern Europe","HUNGARY",11.4319044226976,9.04969432586396,13.866154325608,0.00000125318526424751
"69","Pregabalin","Eastern Europe","HUNGARY",10.4655039230028,7.95905556284104,13.0301436349637,0.00000419554625384645
"70","Gabapentin","Southern Asia","INDIA",14.0101696951271,12.7962950911418,15.237107596564,0.000000000504066907822803
"71","Gabapentinoids","Southern Asia","INDIA",14.8324419532352,12.6293523036906,17.0786252005378,0.0000000592763500410512
"72","Pregabalin","Southern Asia","INDIA",15.1420752439271,12.0414006673167,18.3285590193941,0.000000966132141592457
"73","Gabapentin","Northern Europe","IRELAND",3.67301026085753,2.53155028139569,4.82717784964686,0.0000423432845737244
"74","Gabapentinoids","Northern Europe","IRELAND",13.7452839328585,10.3250275458752,17.2715738646587,0.0000052755516773502
"75","Pregabalin","Northern Europe","IRELAND",16.2638318580179,11.797104836705,20.9090219111961,0.0000112425719212391
"76","Gabapentin","Southern Europe","ITALY",0.38301203668325,-0.208475418880893,0.978005375252566,0.17741137406536
"77","Gabapentinoids","Southern Europe","ITALY",6.63754460857511,5.6388093819137,7.64572212314956,0.0000000872628829216998
"78","Pregabalin","Southern Europe","ITALY",9.04809633022698,7.23494154107192,10.8919083868938,0.000000964479456068523
"79","Gabapentin","Eastern Asia","JAPAN",-5.57118723932946,-9.1201178734477,-1.88366808208522,0.00806124891411172
"80","Gabapentin Enacarbil","Eastern Asia","JAPAN",29.1326779442719,6.18174763310764,57.0443968456559,0.0201405952274278
"81","Gabapentinoids","Eastern Asia","JAPAN",45.7866630929749,28.560110513439,65.3215064214093,0.0000807093366563742
"82","Pregabalin","Eastern Asia","JAPAN",38.2448978864821,13.4287347526006,68.4903903171297,0.00612720480624242
"83","Gabapentin","Western Asia","JORDAN",6.54841793100653,-1.69160228189342,15.479100739219,0.108318710902847
"84","Gabapentinoids","Western Asia","JORDAN",24.0929285512129,17.9906807386452,30.5107727153982,0.00000467201104552898
"85","Pregabalin","Western Asia","JORDAN",33.2341908452499,20.2638582754504,47.6033603506306,0.000134836942179304
"86","Gabapentin","Central Asia","KAZAKHSTAN",3.92789242134868,-0.0680999406901028,8.08367314874421,0.0529765425451211
"87","Gabapentinoids","Central Asia","KAZAKHSTAN",18.3710742746648,11.1587553818521,26.0513504024513,0.000598704075482491
"88","Pregabalin","Central Asia","KAZAKHSTAN",30.2604575998709,16.8833717888719,45.1685261508106,0.000990428993399164
"89","Gabapentin","Western Asia","KUWAIT",50.0693775467945,32.0568925666393,70.5387552256522,0.0000518556436625569
"90","Gabapentinoids","Western Asia","KUWAIT",40.643225950455,34.358787298504,47.2216101638704,0.00000004034424349917
"91","Pregabalin","Western Asia","KUWAIT",37.9330363371432,31.5023803967637,44.6781606217364,0.0000000983964891459814
"92","Gabapentin","Northern Europe","LATVIA",23.0352792133442,20.620966065277,25.4979165306424,0.00000000205098770666445
"93","Gabapentinoids","Northern Europe","LATVIA",21.0180366779882,19.5272821769453,22.5273839968539,0.0000000000657124044595795
"94","Pregabalin","Northern Europe","LATVIA",9.04307348468545,1.36706857343478,17.3003426292493,0.0250844796227729
"95","Gabapentin","Western Asia","LEBANON",5.26501150254894,2.13510314142242,8.49083523505847,0.00393360907476355
"96","Gabapentinoids","Western Asia","LEBANON",13.0184076672366,10.9259169402099,15.1503708418523,0.000000125724903595762
"97","Pregabalin","Western Asia","LEBANON",19.9931216479946,16.6183943801778,23.4655074729601,0.000000155685371773112
"98","Gabapentin","Northern Europe","LITHUANIA",10.9668955398132,9.01428560606887,12.9544796563646,0.000000327542094733183
"99","Gabapentinoids","Northern Europe","LITHUANIA",19.4867605519933,16.9629178948425,22.0650630488327,0.0000000151901099033883
"100","Pregabalin","Northern Europe","LITHUANIA",26.2145269871129,19.9337792549654,32.824187827143,0.00000275602669605275
"101","Gabapentin","Western Europe","LUXEMBOURG",-2.5496780163752,-3.20319252048638,-1.89175137080807,0.0000114370266662144
"102","Gabapentinoids","Western Europe","LUXEMBOURG",3.1139674591788,2.36688017607887,3.86650708592355,0.00000528986684889635
"103","Pregabalin","Western Europe","LUXEMBOURG",4.49071749643406,3.37600660259512,5.6174483977939,0.00000672866219246192
"104","Gabapentin","Central and South America and the Caribbean","MEXICO",4.00823433885258,3.25901913631814,4.76288561297091,0.000000624972148602945
"105","Gabapentinoids","Central and South America and the Caribbean","MEXICO",3.83931918290623,1.93013678860139,5.78426114282691,0.00130413518825856
"106","Pregabalin","Central and South America and the Caribbean","MEXICO",3.76420316738046,0.976824236715768,6.62852531112246,0.013359945539285
"107","Gabapentin","Northern Africa","MOROCCO",26.9403349241836,17.8765471048275,36.7010573895916,0.0000464105681759627
"108","Gabapentinoids","Northern Africa","MOROCCO",20.5214929680004,17.9406370009427,23.1588249529266,0.000000011316939289385
"109","Pregabalin","Northern Africa","MOROCCO",18.3854167812209,12.7520924234062,24.3001935062446,0.0000262390462457247
"110","Gabapentin","Western Europe","NETHERLANDS",3.51054403039126,2.76243595329533,4.26409831640415,0.0000242282423534491
"111","Gabapentinoids","Western Europe","NETHERLANDS",6.77892369909878,5.39122186542587,8.1848976084256,0.0000178591715291821
"112","Pregabalin","Western Europe","NETHERLANDS",7.74251104810799,5.75422928978739,9.7681744258401,0.0000651116889329559
"113","Gabapentin","Australia and New Zealand","NEW ZEALAND",15.404473343143,14.4821721050115,16.3342049047757,0.0000000000173954958193409
"114","Gabapentinoids","Australia and New Zealand","NEW ZEALAND",16.608835483474,15.7712437139916,17.4524871340616,0.0000000000035577302807642
"115","Pregabalin","Australia and New Zealand","NEW ZEALAND",34.6947540568294,20.3169939577991,50.7906420666831,0.000210417231034031
"116","Gabapentin","Northern Europe","NORWAY",9.54156851301418,7.10538978758333,12.0331596392029,0.00000734804971541244
"117","Gabapentinoids","Northern Europe","NORWAY",6.81934772694499,6.07344511081018,7.57049548914039,0.00000000521404757024027
"118","Pregabalin","Northern Europe","NORWAY",4.96551956785227,3.97900519467511,5.96139362481041,0.00000102007468502995
"119","Gabapentin","Southern Asia","PAKISTAN",-4.57886151528998,-5.94998962077915,-3.18774412671533,0.0000444117815653806
"120","Gabapentinoids","Southern Asia","PAKISTAN",13.2090028128979,11.0722522774819,15.3868590498458,0.000000132160828881878
"121","Pregabalin","Southern Asia","PAKISTAN",19.3917568095415,14.3373681641716,24.6695793592302,0.00000670606893051774
"122","Gabapentin","Central and South America and the Caribbean","PERU",16.3195768917873,6.45868389192541,27.0938496855741,0.00384460244908113
"123","Gabapentinoids","Central and South America and the Caribbean","PERU",19.0643915180058,16.7069453793822,21.4694573786471,0.0000000101979037353734
"124","Pregabalin","Central and South America and the Caribbean","PERU",20.7503807162594,17.1329579940365,24.4795204767552,0.00000020210691898362
"125","Gabapentin","South-eastern Asia","PHILIPPINES",0.128239714324141,-1.66256433110268,1.95165574629814,0.87592233355324
"126","Gabapentinoids","South-eastern Asia","PHILIPPINES",10.4472354792526,9.49337158597374,11.4094090657459,0.000000000914594629258786
"127","Pregabalin","South-eastern Asia","PHILIPPINES",15.5573315447939,14.4053337521059,16.7209293116337,0.000000000116749508083144
"128","Gabapentin","Eastern Europe","POLAND",14.1096371508716,12.1893366915371,16.0628066329035,0.0000000280490252120494
"129","Gabapentinoids","Eastern Europe","POLAND",26.3367011592392,19.7154910116635,33.3241164106646,0.00000414755991371921
"130","Pregabalin","Eastern Europe","POLAND",74.6508424129374,52.4460148516616,100.089958305763,0.00000666056056024264
"131","Gabapentin","Southern Europe","PORTUGAL",2.14202773234446,0.791535078416694,3.51061546148757,0.00572898189912413
"132","Gabapentinoids","Southern Europe","PORTUGAL",5.09980887159771,3.81512614172561,6.40038918574071,0.00000746403447023387
"133","Pregabalin","Southern Europe","PORTUGAL",6.59038727391428,4.17746277509519,9.05919914493372,0.000140082894108347
"134","Gabapentin","Central and South America and the Caribbean","PUERTO RICO",14.5866846450066,12.2282699486137,16.9946601150148,0.000000125941710254212
"135","Gabapentin Enacarbil","Central and South America and the Caribbean","PUERTO RICO",5.92604555483138,-96.8549849872301,3467.65455214857,0.869446571490098
"136","Gabapentinoids","Central and South America and the Caribbean","PUERTO RICO",12.3250548522944,10.5139615751102,14.1658281700084,0.0000000585071315008525
"137","Pregabalin","Central and South America and the Caribbean","PUERTO RICO",-0.785867547663877,-1.32024923540363,-0.248592016091131,0.00916077217903263
"138","Gabapentin","Eastern Europe","ROMANIA",32.6162053668548,23.0206807578277,42.9601739932231,0.0000135640484389581
"139","Gabapentinoids","Eastern Europe","ROMANIA",15.4319543649615,12.3148500074087,18.6355685613758,0.000000851432118882975
"140","Pregabalin","Eastern Europe","ROMANIA",-5.22412352156371,-10.128059692956,-0.0526000488298317,0.0482017152301768
"141","Gabapentin","Eastern Europe","RUSSIA",30.878936089927,22.316400962707,40.0408757714654,0.0000085612749813889
"142","Gabapentinoids","Eastern Europe","RUSSIA",32.1556160042125,11.7818890625164,56.2427240041107,0.00443686885874503
"143","Pregabalin","Eastern Europe","RUSSIA",32.5808042496611,6.39973799372739,65.2040689848618,0.0175941096159962
"144","Gabapentin","Western Asia","SAUDI ARABIA",20.8802020614051,11.3111723993679,31.271847519316,0.000562900957938576
"145","Gabapentinoids","Western Asia","SAUDI ARABIA",16.5677289673858,11.009505970227,22.4042510400708,0.0000567810391059959
"146","Pregabalin","Western Asia","SAUDI ARABIA",12.1542802975419,0.842638886723113,24.7347622783768,0.0373215727774586
"147","Gabapentin","Southern Europe","SERBIA",6.5364168831592,2.72072834252168,10.4938438954186,0.00539309822122651
"148","Gabapentinoids","Southern Europe","SERBIA",57.9661592933781,48.795385239578,67.7021598601539,0.00000150693828997269
"149","Pregabalin","Southern Europe","SERBIA",85.5713272355583,63.5878228506423,110.509051907903,0.0000203246590217556
"150","Gabapentin","Eastern Europe","SLOVAKIA",10.7092776500358,8.55694539214371,12.9042836781931,0.000000939535832280331
"151","Gabapentinoids","Eastern Europe","SLOVAKIA",12.8657132678079,9.8727500131125,15.9402056463569,0.00000306610179449661
"152","Pregabalin","Eastern Europe","SLOVAKIA",14.112247822113,10.1835432624724,18.1810342765622,0.0000132894574704502
"153","Gabapentin","Southern Europe","SLOVENIA",-2.4466339040035,-3.8906750396078,-0.980896072452397,0.00450298582289485
"154","Gabapentinoids","Southern Europe","SLOVENIA",10.059563736988,9.17448117011888,10.9518217091512,0.000000000666362613605309
"155","Pregabalin","Southern Europe","SLOVENIA",12.6188120092754,10.9350890522546,14.3280897571224,0.0000000247383281515732
"156","Gabapentin","Southern Africa","SOUTH AFRICA",3.70524888723922,2.39199243012447,5.03534887363024,0.000117033019379911
"157","Gabapentinoids","Southern Africa","SOUTH AFRICA",10.8801305488844,8.73318645140382,13.0694662023207,0.000000798437047877309
"158","Pregabalin","Southern Africa","SOUTH AFRICA",13.7310827035784,9.80910229399772,17.7931419409776,0.0000165713018013571
"159","Gabapentin","Eastern Asia","SOUTH KOREA",4.28171220226823,3.63504438520916,4.93241513378206,0.0000000978895907642162
"160","Gabapentinoids","Eastern Asia","SOUTH KOREA",12.1178650014268,11.071959140991,13.1736196038616,0.000000000520957031455178
"161","Pregabalin","Eastern Asia","SOUTH KOREA",19.6087490096457,16.1742519885848,23.1447811780026,0.000000217815071196594
"162","Gabapentin","Southern Europe","SPAIN",2.12394492271277,1.38045415647026,2.87288820467033,0.000110586546570895
"163","Gabapentinoids","Southern Europe","SPAIN",6.16680238800491,4.9112018900209,7.4374301908156,0.00000120974023848249
"164","Pregabalin","Southern Europe","SPAIN",8.5576917031678,6.06430652957624,11.1096919738388,0.0000222685854954908
"165","Gabapentin","Northern Europe","SWEDEN",15.5646211926002,13.0907057195194,18.0926547979273,0.000000105122091626173
"166","Gabapentinoids","Northern Europe","SWEDEN",7.98573309578854,7.35188440862864,8.62332428044093,0.000000000286590502388983
"167","Pregabalin","Northern Europe","SWEDEN",2.67384631183134,0.630153625123797,4.75904424967128,0.0157293022990247
"168","Gabapentin","Western Europe","SWITZERLAND",-1.96365202476088,-2.86392306472968,-1.05503714416171,0.000892195524152624
"169","Gabapentinoids","Western Europe","SWITZERLAND",8.1093403654001,7.03200886804067,9.19751575112036,0.0000000277827815815645
"170","Pregabalin","Western Europe","SWITZERLAND",10.7129694949083,8.8062588240928,12.6530931846208,0.000000329165357816008
"171","Gabapentin","Eastern Asia","TAIWAN",3.14989858601085,1.5701155307204,4.75425298779177,0.00139467859619681
"172","Gabapentinoids","Eastern Asia","TAIWAN",15.0838876332512,13.0214720342742,17.1839381880144,0.0000000283027805625237
"173","Pregabalin","Eastern Asia","TAIWAN",66.5239157951802,13.8644959601878,143.536971712903,0.0182651425208973
"174","Gabapentin","South-eastern Asia","THAILAND",17.47986986179,12.348233280165,22.8458999290713,0.0000604312492906834
"175","Gabapentinoids","South-eastern Asia","THAILAND",16.5023761729999,12.0194837027464,21.1646689068109,0.0000368474988026109
"176","Pregabalin","South-eastern Asia","THAILAND",13.8038061868703,10.2366632722889,17.4863781084203,0.0000279622696832442
"177","Gabapentin","Northern Africa","TUNISIA",2.58991174598939,-0.826179885671008,6.12367235543494,0.121815359709965
"178","Gabapentinoids","Northern Africa","TUNISIA",24.6790717290803,18.8982208179341,30.7409885554859,0.00000236135207795419
"179","Pregabalin","Northern Africa","TUNISIA",32.1042948211672,25.1283099619248,39.4691953843873,0.00000102020250606745
"180","Gabapentin","Western Asia","TÜRKIYE",7.11950590838348,3.51954542991439,10.844657387187,0.0013836515512915
"181","Gabapentinoids","Western Asia","TÜRKIYE",15.8148442308757,13.6314866740555,18.0401536300985,0.0000000301064155042386
"182","Pregabalin","Western Asia","TÜRKIYE",34.9522808946491,31.9883437985329,37.9827763159696,0.000000000212211582790285
"183","Gabapentin","Western Asia","UNITED ARAB EMIRATES",-6.63775108181856,-10.1265273122224,-3.01354490504874,0.00275928897477121
"184","Gabapentinoids","Western Asia","UNITED ARAB EMIRATES",6.55121138632666,-0.905117822630719,14.5685871806449,0.079232576004052
"185","Pregabalin","Western Asia","UNITED ARAB EMIRATES",9.35332204630752,0.724211628980043,18.7216941107622,0.0361142935839555
"186","Gabapentin","Northern Europe","UNITED KINGDOM",14.7856205597723,12.8963638002893,16.7064929619838,0.0000000156863059492017
"187","Gabapentinoids","Northern Europe","UNITED KINGDOM",16.9891782992488,14.829342387837,19.189638767653,0.0000000139501211746496
"188","Pregabalin","Northern Europe","UNITED KINGDOM",19.1554114565811,16.4855980255736,21.8864161754147,0.0000000294487069399426
"189","Gabapentin","Northern America","UNITED STATES",9.84601812234114,8.51946205306799,11.1887901861615,0.0000000296086633186004
"190","Gabapentin Enacarbil","Northern America","UNITED STATES",41.4414796353754,22.8463213437297,62.8513735097322,0.000948697195312321
"191","Gabapentinoids","Northern America","UNITED STATES",7.88991636363676,6.82465842404314,8.96579707979346,0.0000000322802729774077
"192","Pregabalin","Northern America","UNITED STATES",1.72197929023707,0.978546537101077,2.4708854065516,0.00051711571911922
"193","Gabapentin","Central and South America and the Caribbean","URUGUAY",4.43248726003458,-0.350751491469037,9.44532506317506,0.0659023761060026
"194","Gabapentinoids","Central and South America and the Caribbean","URUGUAY",19.1557003789347,12.9080954182463,25.7490074577948,0.0000427462123873514
"195","Pregabalin","Central and South America and the Caribbean","URUGUAY",31.3355398647446,19.7224662103323,44.0750811235402,0.0000926107718820916
"196","Gabapentin","Central and South America and the Caribbean","VENEZUELA",-23.6231324094706,-36.574652064864,-8.02689945182488,0.00951682562930162
"197","Gabapentinoids","Central and South America and the Caribbean","VENEZUELA",-3.70067389742876,-11.9791041645396,5.35634885089846,0.367402587000398
"198","Pregabalin","Central and South America and the Caribbean","VENEZUELA",7.92452425728929,0.264905929705073,16.1692900238528,0.0437720522433403
"199","Gabapentinoids","Central and South America and the Caribbean","Central and South America and the Caribbean",12.9188193780312,9.54765251043086,16.3937289164124,0.00000000000301181302120312
"200","Gabapentinoids","Australia and New Zealand","Australia and New Zealand",19.894004683296,13.6987749782348,26.4268006559429,0.00000083948916129728
"201","Gabapentinoids","Western Europe","Western Europe",8.14931467143181,6.64076776982243,9.67920157088578,0.000000000000000111022302462516
"202","Gabapentinoids","Eastern Europe","Eastern Europe",23.7705850282901,17.0636794298805,30.861748006316,0.0000000000479065676017854
"203","Gabapentinoids","Northern America","Northern America",9.04432229281806,6.81747983683121,11.317588118195,0.0000000407426760107299
"204","Gabapentinoids","Eastern Asia","Eastern Asia",28.508291630187,18.8619512439165,38.9374887832695,0.000000104247642296329
"205","Gabapentinoids","Southern Europe","Southern Europe",14.9112256331219,10.9188354953661,19.0473170542609,0.0000000000289127610741957
"206","Gabapentinoids","Northern Africa","Northern Africa",35.9137524906029,26.1691350929349,46.4109911070577,0.000000000332415650561302
"207","Gabapentinoids","Northern Europe","Northern Europe",14.7788819663386,12.3440466074433,17.2664875734486,0
"208","Gabapentinoids","Southern Asia","Southern Asia",15.5569090871329,12.1868669274498,19.0281857715789,0.00000000367226149489142
"209","Gabapentinoids","Western Asia","Western Asia",17.5712117549213,10.5310933370377,25.0597403517099,0.0000022122434593097
"210","Gabapentinoids","South-eastern Asia","South-eastern Asia",14.6508021048205,9.49900079525279,20.0449897059571,0.00000839733580293434
"211","Gabapentinoids","Southern Africa","Southern Africa",12.4231364922213,6.34582330155615,18.8477480954691,0.0010201789723463
"212","Gabapentinoids","Central Asia","Central Asia",20.4472712210678,-0.52875037227107,45.8466159709055,0.0548342624820324
"213","Gabapentin","Central and South America and the Caribbean","Central and South America and the Caribbean",-0.557347083035076,-6.02972644052847,5.23371747881038,0.845069938493067
"214","Gabapentin","Australia and New Zealand","Australia and New Zealand",6.87194245824381,1.77053092731276,12.2290704462945,0.0103763687188956
"215","Gabapentin","Western Europe","Western Europe",1.9465698165464,0.187999165134567,3.73600814434438,0.0304275916288833
"216","Gabapentin","Eastern Europe","Eastern Europe",20.9805793425586,16.4175704720949,25.7224362156691,0.00000000000000199840144432528
"217","Gabapentin","Northern America","Northern America",8.44826829093599,5.75534427132696,11.2097641621649,0.00000189159331898114
"218","Gabapentin","Eastern Asia","Eastern Asia",10.8569044474728,4.07347943208851,18.082467605931,0.00206267055321163
"219","Gabapentin","Southern Europe","Southern Europe",2.68038332172975,-0.357850185715203,5.81125697055027,0.0834336775126798
"220","Gabapentin","Northern Africa","Northern Africa",17.4608618759829,2.40423829575305,34.7312797034977,0.0228800466931645
"221","Gabapentin","Northern Europe","Northern Europe",14.633784310484,11.8297709288592,17.5081053658082,0
"222","Gabapentin","Southern Asia","Southern Asia",3.79257749030393,-1.11015182593106,8.93837275508766,0.123855928953436
"223","Gabapentin","Western Asia","Western Asia",13.9100784403119,5.98920839869603,22.4228972582612,0.000620976165150555
"224","Gabapentin","South-eastern Asia","South-eastern Asia",9.02002266229889,1.04361036927743,17.626095285506,0.0282344060727148
"225","Gabapentin","Southern Africa","Southern Africa",3.40837669347491,1.54275363615546,5.30827643984764,0.00243161688490923
"226","Gabapentin","Central Asia","Central Asia",4.17449215147858,-0.955411241996473,9.57009313789012,0.0947966205219559
"227","Gabapentin Enacarbil","Northern America","Northern America",42.7336637638876,-8.16286753343469,121.837270222691,0.0957651170601111
"228","Gabapentin Enacarbil","Eastern Asia","Eastern Asia",37.371605298073,-13.7687228094705,118.841220459646,0.140013647673572
"229","Gabapentin Enacarbil","Central and South America and the Caribbean","Central and South America and the Caribbean",5.92605471644858,-96.8549760681235,3467.64505162204,0.869446281581904
"230","Pregabalin","Northern Africa","Northern Africa",42.9786597478272,31.0860995395307,55.9501519619183,0.000000000348049145060259
"231","Pregabalin","Central and South America and the Caribbean","Central and South America and the Caribbean",17.7761068224791,12.9425345945309,22.8165401817687,0.0000000000087145846094927
"232","Pregabalin","Australia and New Zealand","Australia and New Zealand",39.9684823996964,26.5903549833815,54.7604165249872,0.00000113479865060384
"233","Pregabalin","Western Europe","Western Europe",11.0049968969622,8.81951984464235,13.2343659821916,0.00000000000000111022302462516
"234","Pregabalin","Eastern Europe","Eastern Europe",31.1795520207159,18.4638113960135,45.2601825449522,0.00000102971124538165
"235","Pregabalin","Northern America","Northern America",7.52550076356686,3.75974399925758,11.4279282969178,0.000423349217300251
"236","Pregabalin","Southern Europe","Southern Europe",24.5573800880108,17.403766932574,32.1468751790504,0.000000000188093873809692
"237","Pregabalin","Northern Europe","Northern Europe",14.0229364341674,10.0799554229556,18.1071520524886,0.000000000115301990177841
"238","Pregabalin","Southern Asia","Southern Asia",20.1895378056109,13.4197587679743,27.3633902491183,0.00000237327138208343
"239","Pregabalin","Western Asia","Western Asia",20.9996347401564,12.3772118387198,30.2836346239256,0.00000303973113124911
"240","Pregabalin","South-eastern Asia","South-eastern Asia",15.7785739198508,13.3979731739196,18.2091513959908,0.0000000000352387008462074
"241","Pregabalin","Southern Africa","Southern Africa",16.9288930304609,5.03565082127559,30.168813335515,0.00925553581327065
"242","Pregabalin","Eastern Asia","Eastern Asia",59.1401093904781,25.2706213003445,102.166909958031,0.000408565933891047
"243","Pregabalin","Central Asia","Central Asia",34.9686057300576,-1.40965857358134,84.7698696358747,0.0581371209039878
"Year","Gabapentinoids","Multinational","Multinational",17.2033853565496,15.5232976194568,18.9079070810935,0
"Year1","Gabapentin","Multinational","Multinational",8.69812885718808,6.86304997653437,10.5647201689296,0
"Year2","Pregabalin","Multinational","Multinational",23.1363356717266,20.0722076629508,26.2786572994664,0
"Year3","Gabapentin Enacarbil","Multinational","Multinational",35.8554506971695,13.466789402274,62.6617231469948,0.00262741269267375
